<?xml version="1.0" encoding="UTF-8" ?>
<!DOCTYPE html>
<html lang='en' xmlns='http://www.w3.org/1999/xhtml' xmlns:b='http://www.google.com/2005/gml/b' xmlns:data='http://www.google.com/2005/gml/data' xmlns:expr='http://www.google.com/2005/gml/expr'>
  <head>
    <meta content='width=device-width, initial-scale=1.0' name='viewport'/>
    <b:if cond='data:blog.pageType == &quot;index&quot;'>
      <title>
        <data:blog.pageTitle/>
      </title>
      <b:else/>
      <title>
        <data:blog.pageName/>
      </title>
    </b:if>
    <b:include data='blog' name='all-head-content'/>

<!-- Facebook open graph --> 
<meta expr:content='data:blog.pageName' property='og:title'/>    
<meta expr:content='data:blog.title' property='og:site_name'/>     
<meta expr:content='data:blog.canonicalUrl' property='og:url'/>     
<meta expr:content='data:blog.metaDescription' property='og:description'/>       
<b:if cond='data:blog.pageType == &quot;item&quot;'>     
	 <meta content='article' property='og:type'/>     
	 <b:if cond='data:blog.postImageThumbnailUrl'>     
		 <meta expr:content='data:blog.postImageThumbnailUrl' property='og:image'/>    
	 </b:if>     
<b:else/>     
	 <meta content='blog' property='og:type'/>     
	 <meta content='http://farm4.staticflickr.com/3742/9776421873_0d5795a966_z.jpg' property='og:image'/>     
</b:if>
<!-- Facebook open graph --> 

    <link href='http://fonts.googleapis.com/css?family=Arimo:400,700|Oswald:400' rel='stylesheet' type='text/css'/>
    <link href='//netdna.bootstrapcdn.com/font-awesome/4.0.3/css/font-awesome.min.css' rel='stylesheet' type='text/css'/>
<link href='https://maxcdn.bootstrapcdn.com/bootstrap/3.2.0/css/bootstrap.min.css' rel='stylesheet'/>

    <b:skin><![CDATA[
      
/*
-----------------------------------------------
Blogger Template Style
-----------------------------------------------
Name           : NotePlus
Author         : HelpArchive
Author  URL    : helparchive.blogspot.com
-----------------------------------------------
License:
This free Blogger template is licensed under the Creative Commons Attribution 3.0 License, which permits both personal and commercial use.
However, to satisfy the 'attribution' clause of the license, you are required to keep the footer links intact which provides due credit to its authors. For more specific details about the license, you may visit the URL below:
http://creativecommons.org/licenses/by/3.0/
----------------------------------------------- */

/* Body */

body {
    font-family: 'Arimo', sans-serif;
    background: #eeeeee;
}

article {
    padding: 15px 0;
    background:white;
    margin-top: 18px !important;
    -webkit-box-shadow: 8px 8px 4px -7px #CFCFCF;
    -moz-box-shadow: 8px 8px 4px -7px #CFCFCF;
    box-shadow: 8px 8px 4px -7px #CFCFCF;
}

.post.hentry, .post-header, .feed-links {
    font: normal 17px 'Arimo', sans-serif;
    color: #404040;
    line-height: 1.4;
}

ul.nav.navbar-nav, ul.nav.navbar-nav li {
	list-style-type: none !important;
}

hr.separator {
    border-top: 1px solid #E6E6E6;
    margin: 10px;
}

hr.separator:last-child {
    border-top: 0px;
}

h1, .h1 {
    font-size: 24px;
}

h2, .h2 {
    font-size: 23px;
}

h3, .h3 {
    font-size: 22px;
}

h4, .h4 {
    font-size: 21px;
}

h5, .h5 {
    font-size: 20px;
}

h6, .h6 {
    font-size: 18px;
}

h1.post-title.entry-title, h2.jqmaintitle, h2.jqmaintitle a {
    font: 700 22px 'Arimo', Oswald, Sans-serif;
    color: rgba(0, 0, 0, 0.8);
    margin-top: 0;
}

h1.post-title.entry-title {
    border-bottom: 1px dashed gainsboro;
}

span.datetime.secondary-text a {
    color: rgb(84, 84, 84);
}

.post-labels {
    color: #444;
}

.post-labels a {
    color: rgb(137, 137, 137);
}

img { 
    border: 0; 
}

.post-header-label.pull-left {
    clear:both;
}

img.post-thumbnail {
    margin: 0 18px 0 0;
}

/* Header */

.h-title, .h-title a {
    font: 400 20px 'Oswald', sans-serif;
    text-align: center;
    color: white;
    margin-top: 12px;
    margin-bottom: 0px;
}

p.description {
    text-align: center;
}

.descriptionwrapper p span {
    font-family: 'arimo', sans-serif;
    font-size: 16px;
    color: rgb(135, 135, 135);
}

/* Sidebar */


.sidebox {
    padding: 10px 0 10px 0;
}

#sidebar div h2 {
    font-size: 18px;
    font-family: 'Arimo', serif;
    font-weight: 700;
}

@media only screen and (max-width : 767px) {
    .profile-box {
        width: 220px;
        margin: 0 auto;
    }

    #BlogArchive1 {
        display: none;
    }
}

.profile-box h4 {
    color: #525252;
    font: 700 18px 'Arimo', sans-serif;
}

.profile-box {
    text-align: center;
    font-size: 95%;
}

#FollowByEmail, #FollowByEmail1 {
    margin-top: 15px;
}

input.follow-by-email-submit {
    background: rgba(126, 123, 90, 0.47) !important;
}

.widget.HTML h2 {
    display: none;
}

.contact-box {
    font-size: 23px;
    text-align: center;
    border-top: 1px dashed rgb(218, 213, 213);
    padding-top: 10px;
}

.contact-box a {
    color: rgb(65, 68, 70);
}

.contact-box a:hover {
    color: #89B087;
}

.pimg {
    border-radius: 50%;
    margin: 0 auto;
    border: 1px solid rgb(233, 233, 233);
}

img.img-responsive.pimg {
    width: 90%;
}

a.post-count-link {
    font-size: 14px;
    color: black;
}

.widget-content {
    font-family: Arimo;
    font-size: 15px;
    color: rgb(57, 57, 57);
    padding: 6px 0;
}

.widget-content.popular-posts ul {
    list-style-type: none;
    padding: 0;
}

ul.post-sharing-menu {
    list-style-type: none;
    margin: 15px 0px 10px 20px;
    padding: 0;
}

ul.post-sharing-menu li {
    display: inline;
    margin-right: 15px;
}

ul.post-sharing-menu li a:hover {
    text-decoration: none;
}

abbr[title], abbr[data-original-title] {
    border: 0;
}


/* Footer */

#footer {
    text-align: center;
    padding: 20px 0;
    background: rgba(238, 238, 238, 0.42);
    border-top: 1px solid rgb(230, 230, 230);
    font: normal 15px 'arimo', sans-serif;
}

p.footer-link {
    margin: 0;
}

/* Comments */

#comments h4 {
    display: none;
}

.comment-form p {
    font: bold 17px 'Arimo', sans-serif;
    margin: 5px 12px;
    color: rgba(72, 72, 72, 0.91);
}

.comment {
    font-family: arimo;
}

.comment-header, .comment-content {
    font-size: 15px;
}


/* Custom */

.status-msg-body, .status-msg-border {
    background: aliceblue; 
    border: 0;
}

.rmlink {
    text-align: right;
}

.rmlink a, i.fa.fa-angle-double-right {
    color: rgb(167, 167, 167);
    font-size: 14px;
}

.form-control {
    height: 26px;
    border-radius: 0;
    min-width: 210px !important;
    font-size: 12px;
}

#related-posts {
    background: rgba(244, 244, 244, 0.47);
    padding: 1px 0 15px 20px;
    margin-top: 20px;
    border-top: 1px dashed rgb(205, 205, 205);
}

#related-posts h2 {
    font-size: 18px;
    font-weight: bold;
    color: rgb(77, 77, 77);
    padding-left: 6px;
}
/* Navigation */

@media only screen and (max-width: 991px) and (min-width: 767px){
    .navbar-header {
        width: 100%;
    }
}

.dropdown-menu.main-drop-two {
    width:352px
}

.dropdown-menu.main-drop-two .dropdown-menu {
    display:block!important;
    position:static!important;
    margin:0!important;
    border:0!important;
    box-shadow:none!important
}

@media only screen and (min-width: 991px) {
    .navbar-nav {
        margin-left: 20px;
    }
}

nav {
    margin-top: 3px;
}

.navbar {
    margin: 0
}


@media (min-width: 768px){
    .navbar-nav>li>a {
        padding-top: 15px;
        padding-bottom: 18px;
    }
}

.navbar-inverse .navbar-nav>li>a {
    color: #DEDEDE;
}

.banner { position: relative; overflow: auto; }
    .banner li { list-style: none; }
        .banner ul li { float: left; }

.navbar {
    background: #303242;
}

ol, ul, li {list-style-type: none !important;}

]]></b:skin>
    <style>
      <b:if cond='data:blog.url == data:blog.homepageUrl'>

    	</b:if>
      <b:if cond='data:blog.pageType != &quot;index&quot;'>
      #main{
        padding-top: 5px;
        background: #fff;
        border-radius: 6px;
      }
    </b:if>
      <b:if cond='data:blog.pageType == &quot;index&quot;'>
      .separator img, br {display:none}
      .post-labels a { color: rgba(167, 167, 167); font-size: 14px;}
	   i.fa.fa-tags {color: rgba(0, 0, 0, 0.49); font-size: 14px;}
    </b:if>
      <b:if cond='data:blog.pageType == &quot;static_page&quot;'>
      	.ls-area {
			border-radius: 5px;
			margin-top: 18px;
			}
		@media (max-width: 767px) {
      	.ls-area {
        	width:90%;
			margin: 0 auto;
			float: none;
			margin-top: 18px;
        	}
		}
      #main2{
			border: 1px solid rgb(214, 214, 214);
			background: rgba(255, 255, 255, 1);
			padding: 25px;
			border-radius: 5px;
			margin-top: 18px;
		}
	  </b:if>

      <b:if cond='data:blog.pageType == &quot;item&quot;'>
		@media (max-width: 767px) {
      	.ls-area {
        	width:90%;
			margin: 0 auto;
			float: none;
			margin-top: 18px;
        	}
		}
      #main2{
			border: 1px solid rgb(214, 214, 214);
			background: rgba(255, 255, 255, 1);
			padding: 25px;
			border-radius: 5px;
			margin-top: 18px;
		}
		</b:if>
    </style>
    <script src='http://ajax.googleapis.com/ajax/libs/jquery/1.11.1/jquery.min.js' type='text/javascript'/>
<script>
$(document).ready(function(){
	$(&quot;img&quot;).addClass(&quot;img-responsive&quot;);
	$(&#39;.carousel&#39;).carousel();
    $(&quot;[rel=tooltip]&quot;).tooltip({ placement: &#39;top&#39;});
});
</script>

  </head>

<!-- Auto read more script Start -->
<script type='text/javascript'>
img_thumb_width = 180; // Image Thumbnail Width
img_thumb_height = 180; // Image Thumbnail Height
summary_noimg = 500; // Length of Summary Text if no image is Used
summary_img = 300; // Length of Summary Text if post has Image Thumbnail
</script>
<script type='text/javascript'>
//<![CDATA[
function removeHtmlTag(strx,chop){
if(strx.indexOf("<")!=-1)
{
var s = strx.split("<");
for(var i=0;i<s.length;i++){
if(s[i].indexOf(">")!=-1){
s[i] = s[i].substring(s[i].indexOf(">")+1,s[i].length);
}
}
strx = s.join("");
}
chop = (chop < strx.length-1) ? chop : strx.length-2;
while(strx.charAt(chop-1)!=' ' && strx.indexOf(' ',chop)!=-1) chop++;
strx = strx.substring(0,chop-1);
return strx+'...';
}
function createSummaryAndThumb(pID){
var div = document.getElementById(pID);
var imgtag = "";
var img = div.getElementsByTagName("img");
var summ = summary_noimg;
if(img.length>=1) {
  imgtag = '<span style="display:none;overflow:hidden; border: none; margin:0 15px 10px 0; float:left; max-height:'+img_thumb_height+'px;width:auto;"><img src="'+img[0].src+'" width="'+img_thumb_width+'px" height="auto"/></span>';
summ = summary_img;
}
var summary = imgtag + '<div>' + removeHtmlTag(div.innerHTML,summ) + '</div>';
div.innerHTML = summary;
}
//]]>
</script>
<!-- Auto read more script End -->

  <body>
      <div class='clearfix'/>
              <b:section class='' id='blogger-nav' maxwidgets='1' showaddelement='yes' title='Blogger Navigation'>
                <b:widget id='Navbar1' locked='false' title='Navbar' type='Navbar'>
                  <b:includable id='main'>&lt;script type=&quot;text/javascript&quot;&gt;
    function setAttributeOnload(object, attribute, val) {
      if(window.addEventListener) {
        window.addEventListener(&#39;load&#39;,
          function(){ object[attribute] = val; }, false);
      } else {
        window.attachEvent(&#39;onload&#39;, function(){ object[attribute] = val; });
      }
    }
  &lt;/script&gt;
&lt;div id=&quot;navbar-iframe-container&quot;&gt;&lt;/div&gt;
&lt;script type=&quot;text/javascript&quot; src=&quot;https://apis.google.com/js/plusone.js&quot;&gt;&lt;/script&gt;
&lt;script type=&quot;text/javascript&quot;&gt;
        gapi.load(&quot;gapi.iframes:gapi.iframes.style.bubble&quot;, function() {
          if (gapi.iframes &amp;&amp; gapi.iframes.getContext) {
            gapi.iframes.getContext().openChild({
                url: &#39;https://www.blogger.com/navbar.g?targetBlogID\0754499219325425209480\46blogName\75NotePlus\46publishMode\75PUBLISH_MODE_BLOGSPOT\46navbarType\75DISABLED\46layoutType\75LAYOUTS\46searchRoot\75http://noteplustemplate.blogspot.com/search\46blogLocale\75en\46v\0752\46homepageUrl\75http://noteplustemplate.blogspot.com/\46vt\0752384529460021957671&#39;,
                where: document.getElementById(&quot;navbar-iframe-container&quot;),
                id: &quot;navbar-iframe&quot;
            });
          }
        });
      &lt;/script&gt;&lt;script type=&quot;text/javascript&quot;&gt;
(function() {
var script = document.createElement(&#39;script&#39;);
script.type = &#39;text/javascript&#39;;
script.src = &#39;//pagead2.googlesyndication.com/pagead/js/google_top_exp.js&#39;;
var head = document.getElementsByTagName(&#39;head&#39;)[0];
if (head) {
head.appendChild(script);
}})();
&lt;/script&gt;
</b:includable>
                </b:widget>
              </b:section>
        <div class='navbar navbar-inverse main-top-nav' role='banner'>
          <div class='container'>
            <div class='navbar-header'>
              <button class='navbar-toggle' data-target='.bs-navbar-collapse' data-toggle='collapse' type='button'>
                <span class='sr-only'>
                  Toggle navigation
                </span>
                <span class='icon-bar'/>
                <span class='icon-bar'/>
                <span class='icon-bar'/>
              </button>
              <b:section class='' id='blog-title' maxwidgets='1' showaddelement='yes' title='My Favorite Things'>
                <b:widget id='Header1' locked='true' title='NotePlus (Header)' type='Header'>
                  <b:includable id='main'>
                    <b:if cond='data:useImage'>
                      <b:if cond='data:imagePlacement == &quot;BEHIND&quot;'>
                        <!--
Show image as background to text. You can't really calculate the width
reliably in JS because margins are not taken into account by any of
clientWidth, offsetWidth or scrollWidth, so we don't force a minimum
width if the user is using shrink to fit.
This results in a margin-width's worth of pixels being cropped. If the
user is not using shrink to fit then we expand the header.
-->
                        <div expr:style='&quot;background-image: url(\&quot;&quot; + data:sourceUrl + &quot;\&quot;); &quot;                      + &quot;background-position: &quot;                      + data:backgroundPositionStyleStr + &quot;; &quot;                      + data:widthStyleStr                      + &quot;min-height: &quot; + data:height + &quot;px;&quot;                      + &quot;_height: &quot; + data:height + &quot;px;&quot;                      + &quot;background-repeat: no-repeat; &quot;' id='header-inner'>
                          <div class='titlewrapper' style='background: transparent'>
                            <h1 class='title' style='background: transparent; border-width: 0px'>
                              <b:include name='title'/>
                            </h1>
                          </div>
                          <b:include name='description'/>
                        </div>
                        <b:else/>
                        <!--Show the image only-->
                        <div id='header-inner'>
                          <a expr:href='data:blog.homepageUrl' style='display: block'>
                            <img expr:alt='data:title' expr:height='data:height' expr:id='data:widget.instanceId + &quot;_headerimg&quot;' expr:src='data:sourceUrl' expr:width='data:width' style='display: block'/>
                          </a>
                          <!--Show the description-->
                          <b:if cond='data:imagePlacement == &quot;BEFORE_DESCRIPTION&quot;'>
                            <b:include name='description'/>
                          </b:if>
                        </div>
                      </b:if>
                      <b:else/>
                      <!--No header image -->
                      <div id='header-inner'>
                        <div class='titlewrapper'>
                          <b:if cond='data:blog.pageType == &quot;item&quot;'>
                            <div class='h-title'>
                              <b:include name='title'/>
                            </div>
                            <b:else/>
                            <h1 class='h-title'>
                              <b:include name='title'/>
                            </h1>
                          </b:if>
                        </div>
                      </div>
                    </b:if>
                  </b:includable>
                  <b:includable id='description'>
                    <div class='descriptionwrapper'>
                      <p class='description'>
                        <span>
                          <data:description/>
                        </span>
                      </p>
                    </div>
                  </b:includable>
                  <b:includable id='title'>
                    <b:if cond='data:blog.url == data:blog.homepageUrl'>
                      <data:title/>
                      <b:else/>
                      <a expr:href='data:blog.homepageUrl'>
                        <data:title/>
                      </a>
                    </b:if>
                  </b:includable>
                </b:widget>
              </b:section>
            </div>
<!-- Header Navigation -->
            <nav class='collapse navbar-collapse bs-navbar-collapse' role='navigation'>
              <ul class='nav navbar-nav'>
                <li>
                  <a href='/p/contact.html'>
                    Contact
                  </a>
                </li>
                <li>
                  <a href='/p/about.html'>
                    About
                  </a>
                </li>
                <li class='dropdown'>
                  <a class='dropdown-toggle' data-toggle='dropdown' href='#'>
                    Dropdown Menu
                    <b class='caret'/>
                  </a>
                  <ul class='dropdown-menu'>
                    <li>
                      <a href='#'>
                        Action
                      </a>
                    </li>
                    <li>
                      <a href='#'>
                        Another action
                      </a>
                    </li>
                    <li>
                      <a href='#'>
                        Something else here
                      </a>
                    </li>
                    <li class='divider'/>
                    <li>
                      <a href='#'>
                        Separated link
                      </a>
                    </li>
                  </ul>
                </li>
                <li class='dropdown'>
                  <a class='dropdown-toggle' data-toggle='dropdown' href='#'>
                    Dual-Column dropdown 
                    <b class='caret'>
                    </b>
                  </a>
                  <div class='dropdown-menu main-drop-two'>
                    <div class='col-50'>
                      <ul class='dropdown-menu'>
                        <li>
                          <a href='#'>
                            Download
                          </a>
                        </li>
                        <li>
                          <a href='#'>
                            Homes
                          </a>
                        </li>
                        <li>
                          <a href='#'>
                            Education
                          </a>
                        </li>
                        <li>
                          <a href='#'>
                            Art
                          </a>
                        </li>
                        <li>
                          <a href='#'>
                            Love
                          </a>
                        </li>
                        <li>
                          <a href='#'>
                            Beauty
                          </a>
                        </li>
                        <li>
                          <a href='#'>
                            Sugar
                          </a>
                        </li>
                        <li>
                          <a href='#'>
                            Inspiration
                          </a>
                        </li>
                      </ul>
                    </div>
                    <div class='col-50'>
                      <ul class='dropdown-menu'>
                        <li>
                          <a href='#'>
                            Main
                          </a>
                        </li>
                        <li>
                          <a href='#'>
                            Another action
                          </a>
                        </li>
                        <li>
                          <a href='#'>
                            Something else here
                          </a>
                        </li>
                        <li>
                          <a href='#'>
                            Separated link
                          </a>
                        </li>
                        <li>
                          <a href='#'>
                            Action
                          </a>
                        </li>
                        <li>
                          <a href='#'>
                            Another action
                          </a>
                        </li>
                        <li>
                          <a href='#'>
                            Something else here
                          </a>
                        </li>
                        <li>
                          <a href='#'>
                            Separated link
                          </a>
                        </li>
                      </ul>
                    </div>
                  </div>
                </li>
                <li>
                  <a href='http://helparchive.blogspot.com/' target='blank'>
                    Download Template
                  </a>
                </li>
              </ul>
            </nav>
          </div>
        </div>

    <div class='container'>
      <div class='row'>
        <div class='col-xs-12 col-sm-9 col-md-9 col-lg-9 ls-area'>
          <b:section class='main' growth='vertical' id='main2' showaddelement='false'>
            <b:widget id='Blog1' locked='true' title='Blog Posts' type='Blog'>
              <b:includable id='main' var='top'>
                <b:if cond='data:mobile == &quot;false&quot;'>
                  <b:include data='top' name='status-message'/>
                  <b:if cond='data:blog.pageType == &quot;index&quot;'>
                    &lt;div id=&#39;list-main&#39;&gt;
                  </b:if>
                  <data:defaultAdStart/>
                  <b:loop values='data:posts' var='post'>
                    <b:include data='post' name='post'/>
                    <b:if cond='data:blog.pageType != &quot;index&quot;'>
                      <b:if cond='data:post.showThreadedComments'>
                        <b:include data='post' name='threaded_comments'/>
                        <b:else/>
                        <b:include data='post' name='comments'/>
                      </b:if>
                    </b:if>
                    <b:if cond='data:post.includeAd'>
                      <b:if cond='data:post.isFirstPost'>
                        <data:defaultAdEnd/>
                        <b:else/>
                        <data:adEnd/>
                      </b:if>
                      <div class='inline-ad'>
                        <data:adCode/>
                      </div>
                      <data:adStart/>
                    </b:if>
                  </b:loop>
                  <data:adEnd/>
                  <b:if cond='data:blog.pageType == &quot;index&quot;'>
                    &lt;/div&gt;
                  </b:if>
                  <b:if cond='data:blog.pageType != &quot;item&quot;'>
			    <b:include name='nextprev'/>
                  </b:if>
                  <!-- feed links -->
                  <b:include name='feedLinks'/>
                  <b:if cond='data:top.showStars'>
                    <script src='//www.google.com/jsapi' type='text/javascript'/>
                    <script type='text/javascript'>
                      google.load(&quot;annotations&quot;, &quot;1&quot;, {&quot;locale&quot;: &quot;<data:top.languageCode/>&quot;});
                      function initialize() {
                        google.annotations.setApplicationId(<data:top.blogspotReviews/>);
                        google.annotations.createAll();
                        google.annotations.fetch();
                      }
                      google.setOnLoadCallback(initialize);
                    </script>
                  </b:if>
                  <b:else/>
                  <b:include name='mobile-main'/>
                </b:if>
                <b:if cond='data:top.showDummy'>
                  <data:top.dummyBootstrap/>
                </b:if>
              </b:includable>
              <b:includable id='backlinkDeleteIcon' var='backlink'>
                <span expr:class='&quot;item-control &quot; + data:backlink.adminClass'>
                  <a expr:href='data:backlink.deleteUrl' expr:title='data:top.deleteBacklinkMsg'>
                    <img src='//www.blogger.com/img/icon_delete13.gif'/>
                  </a>
                </span>
              </b:includable>
              <b:includable id='backlinks' var='post'>
                <a name='links'/>
                <h4>
                  <data:post.backlinksLabel/>
                </h4>
                <b:if cond='data:post.numBacklinks != 0'>
                  <dl class='comments-block' id='comments-block'>
                    <b:loop values='data:post.backlinks' var='backlink'>
                      <div class='collapsed-backlink backlink-control'>
                        <dt class='comment-title'>
                          <span class='backlink-toggle-zippy'>
                            &#160;
                          </span>
                          <a expr:href='data:backlink.url' rel='nofollow'>
                            <data:backlink.title/>
                          </a>
                          <b:include data='backlink' name='backlinkDeleteIcon'/>
                        </dt>
                        <dd class='comment-body collapseable'>
                          <data:backlink.snippet/>
                        </dd>
                        <dd class='comment-footer collapseable'>
                          <span class='comment-author'>
                            <data:post.authorLabel/>
                            <data:backlink.author/>
                          </span>
                          <span class='comment-timestamp'>
                            <data:post.timestampLabel/>
                            <data:backlink.timestamp/>
                          </span>
                        </dd>
                      </div>
                    </b:loop>
                  </dl>
                </b:if>
                <p class='comment-footer'>
                  <a class='comment-link' expr:href='data:post.createLinkUrl' expr:id='data:widget.instanceId + &quot;_backlinks-create-link&quot;' target='_blank'>
                    <data:post.createLinkLabel/>
                  </a>
                </p>
              </b:includable>
              <b:includable id='comment-form' var='post'>
                <div class='comment-form'>
                  <a name='comment-form'/>
                  <b:if cond='data:mobile'>
                    <h4 id='comment-post-message'>
                      <a expr:id='data:widget.instanceId + &quot;_comment-editor-toggle-link&quot;' href='javascript:void(0)'>
                        <data:postCommentMsg/>
                      </a>
                    </h4>
                    <p>
                      <data:blogCommentMessage/>
                    </p>
                    <data:blogTeamBlogMessage/>
                    <a expr:href='data:post.commentFormIframeSrc' id='comment-editor-src'/>
                    <iframe allowtransparency='true' class='blogger-iframe-colorize blogger-comment-from-post' frameborder='0' height='410' id='comment-editor' name='comment-editor' src='' style='display: none' width='100%'/>
                    <b:else/>
                    <h4 id='comment-post-message'>
                      <data:postCommentMsg/>
                    </h4>
                    <p>
                      <i class='fa fa-comments-o'/>  Leave A Comment...
                    </p>
                    <data:blogTeamBlogMessage/>
                    <a expr:href='data:post.commentFormIframeSrc' id='comment-editor-src'/>
                    <iframe allowtransparency='true' class='blogger-iframe-colorize blogger-comment-from-post' frameborder='0' height='410' id='comment-editor' name='comment-editor' src='' width='100%'/>
                  </b:if>
                  <data:post.friendConnectJs/>
                  <data:post.cmtfpIframe/>
                  <script type='text/javascript'>
                    BLOG_CMT_createIframe(&#39;<data:post.appRpcRelayPath/>&#39;, &#39;<data:post.communityId/>&#39;);
                  </script>
                </div>
              </b:includable>
              <b:includable id='commentDeleteIcon' var='comment'>
                <span expr:class='&quot;item-control &quot; + data:comment.adminClass'>
                  <b:if cond='data:showCmtPopup'>
                    <div class='goog-toggle-button'>
                      <div class='goog-inline-block comment-action-icon'/>
                    </div>
                    <b:else/>
                    <a class='comment-delete' expr:href='data:comment.deleteUrl' expr:title='data:top.deleteCommentMsg'>
                      <img src='//www.blogger.com/img/icon_delete13.gif'/>
                    </a>
                  </b:if>
                </span>
              </b:includable>
              <b:includable id='comment_count_picker' var='post'>
                <b:if cond='data:post.forceIframeComments'>
                  <span class='cmt_count_iframe_holder' expr:data-count='data:post.numComments' expr:data-onclick='data:post.addCommentOnclick' expr:data-url='data:post.canonicalUrl'>
                  </span>
                  <b:else/>
                  <b:if cond='data:post.commentSource == 1'>
                    <span class='cmt_count_iframe_holder' expr:data-count='data:post.numComments' expr:data-onclick='data:post.addCommentOnclick' expr:data-url='data:post.canonicalUrl'>
                    </span>
                    <b:else/>
                    <a class='comment-link' expr:href='data:post.addCommentUrl' expr:onclick='data:post.addCommentOnclick'>
                      <data:post.commentLabelFull/>
                    </a>
                  </b:if>
                </b:if>
              </b:includable>
              <b:includable id='comment_picker' var='post'>
                <b:if cond='data:post.commentSource == 1'>
                  <b:include data='post' name='iframe_comments'/>
                  <b:else/>
                  <b:if cond='data:post.showThreadedComments'>
                    <b:include data='post' name='threaded_comments'/>
                    <b:else/>
                    <b:include data='post' name='comments'/>
                  </b:if>
                </b:if>
              </b:includable>
              <b:includable id='comments' var='post'>
                <div class='comments' id='comments'>
                  <a name='comments'/>
                  <b:if cond='data:post.allowComments'>
                    <h4>
                      <data:post.commentLabelFull/>
                      :
                    </h4>
                    <b:if cond='data:post.commentPagingRequired'>
                      <span class='paging-control-container'>
                        <b:if cond='data:post.hasOlderLinks'>
                          <a expr:class='data:post.oldLinkClass' expr:href='data:post.oldestLinkUrl'>
                            <data:post.oldestLinkText/>
                          </a>
                          &#160;
                          <a expr:class='data:post.oldLinkClass' expr:href='data:post.olderLinkUrl'>
                            <data:post.olderLinkText/>
                          </a>
                          &#160;
                        </b:if>
                        <data:post.commentRangeText/>
                        <b:if cond='data:post.hasNewerLinks'>
                          &#160;
                          <a expr:class='data:post.newLinkClass' expr:href='data:post.newerLinkUrl'>
                            <data:post.newerLinkText/>
                          </a>
                          &#160;
                          <a expr:class='data:post.newLinkClass' expr:href='data:post.newestLinkUrl'>
                            <data:post.newestLinkText/>
                          </a>
                        </b:if>
                      </span>
                    </b:if>
                    <div expr:id='data:widget.instanceId + &quot;_comments-block-wrapper&quot;'>
                      <dl expr:class='data:post.avatarIndentClass' id='comments-block'>
                        <b:loop values='data:post.comments' var='comment'>
                          <dt expr:class='&quot;comment-author &quot; + data:comment.authorClass' expr:id='data:comment.anchorName'>
                            <b:if cond='data:comment.favicon'>
                              <img expr:src='data:comment.favicon' height='16px' style='margin-bottom:-2px;' width='16px'/>
                            </b:if>
                            <a expr:name='data:comment.anchorName'/>
                            <b:if cond='data:blog.enabledCommentProfileImages'>
                              <data:comment.authorAvatarImage/>
                            </b:if>
                            <b:if cond='data:comment.authorUrl'>
                              <a expr:href='data:comment.authorUrl' rel='nofollow'>
                                <data:comment.author/>
                              </a>
                              <b:else/>
                              <data:comment.author/>
                            </b:if>
                            <data:commentPostedByMsg/>
                          </dt>
                          <dd class='comment-body' expr:id='data:widget.instanceId + data:comment.cmtBodyIdPostfix'>
                            <b:if cond='data:comment.isDeleted'>
                              <span class='deleted-comment'>
                                <data:comment.body/>
                              </span>
                              <b:else/>
                              <p>
                                <data:comment.body/>
                              </p>
                            </b:if>
                          </dd>
                          <dd class='comment-footer'>
                            <span class='comment-timestamp'>
                              <a expr:href='data:comment.url' title='comment permalink'>
                                <data:comment.timestamp/>
                              </a>
                              <b:include data='comment' name='commentDeleteIcon'/>
                            </span>
                          </dd>
                        </b:loop>
                      </dl>
                    </div>
                    <b:if cond='data:post.commentPagingRequired'>
                      <span class='paging-control-container'>
                        <a expr:class='data:post.oldLinkClass' expr:href='data:post.oldestLinkUrl'>
                          <data:post.oldestLinkText/>
                        </a>
                        <a expr:class='data:post.oldLinkClass' expr:href='data:post.olderLinkUrl'>
                          <data:post.olderLinkText/>
                        </a>
                        &#160;
                        <data:post.commentRangeText/>
                        &#160;
                        <a expr:class='data:post.newLinkClass' expr:href='data:post.newerLinkUrl'>
                          <data:post.newerLinkText/>
                        </a>
                        <a expr:class='data:post.newLinkClass' expr:href='data:post.newestLinkUrl'>
                          <data:post.newestLinkText/>
                        </a>
                      </span>
                    </b:if>
                    <p class='comment-footer'>
                      <b:if cond='data:post.embedCommentForm'>
                        <b:if cond='data:post.allowNewComments'>
                          <b:include data='post' name='comment-form'/>
                          <b:else/>
                          <data:post.noNewCommentsText/>
                        </b:if>
                        <b:else/>
                        <b:if cond='data:post.allowComments'>
                          <a expr:href='data:post.addCommentUrl' expr:onclick='data:post.addCommentOnclick'>
                            <data:postCommentMsg/>
                          </a>
                        </b:if>
                      </b:if>
                    </p>
                  </b:if>
                  <b:if cond='data:showCmtPopup'>
                    <div id='comment-popup'>
                      <iframe allowtransparency='true' frameborder='0' id='comment-actions' name='comment-actions' scrolling='no'>
                      </iframe>
                    </div>
                  </b:if>
                  <div id='backlinks-container'>
                    <div expr:id='data:widget.instanceId + &quot;_backlinks-container&quot;'>
                      <b:if cond='data:post.showBacklinks'>
                        <b:include data='post' name='backlinks'/>
                      </b:if>
                    </div>
                  </div>
                </div>
              </b:includable>
              <b:includable id='feedLinks'>
                <b:if cond='data:blog.pageType != &quot;item&quot;'>
                  <!-- Blog feed links -->
                  <b:if cond='data:feedLinks'>
                    <div class='blog-feeds'>
                      <b:include data='feedLinks' name='feedLinksBody'/>
                    </div>
                  </b:if>
                  <b:else/>
                  <!--Post feed links -->
                  <div class='post-feeds'>
                    <b:loop values='data:posts' var='post'>
                      <b:if cond='data:post.allowComments'>
                        <b:if cond='data:post.feedLinks'>
                          <b:include data='post.feedLinks' name='feedLinksBody'/>
                        </b:if>
                      </b:if>
                    </b:loop>
                  </div>
                </b:if>
              </b:includable>
              <b:includable id='feedLinksBody' var='links'>
                <div class='feed-links'>
                  <data:feedLinksMsg/>
                  <b:loop values='data:links' var='f'>
                    <a class='feed-link' expr:href='data:f.url' expr:type='data:f.mimeType' target='_blank'>
                      <data:f.name/>
                      (
                      <data:f.feedType/>
                      )
                    </a>
                  </b:loop>
                </div>
              </b:includable>
              <b:includable id='iframe_comments' var='post'>
                <b:if cond='data:post.allowIframeComments'>
                  <script expr:src='data:post.iframeCommentSrc' type='text/javascript'/>
                  <div class='cmt_iframe_holder' expr:data-href='data:post.canonicalUrl' expr:data-viewtype='data:post.viewType'/>
                  <b:if cond='data:post.embedCommentForm == &quot;false&quot;'>
                    <a expr:href='data:post.addCommentUrl' expr:onclick='data:post.addCommentOnclick'>
                      <data:postCommentMsg/>
                    </a>
                  </b:if>
                </b:if>
              </b:includable>
              <b:includable id='mobile-index-post' var='post'>
                <div class='mobile-date-outer date-outer'>
                  <b:if cond='data:post.dateHeader'>
                    <div class='date-header'>
                      <span>
                        <data:post.dateHeader/>
                      </span>
                    </div>
                  </b:if>
                  <div class='mobile-post-outer'>
                    <a expr:href='data:post.url'>
                      <h3 class='mobile-index-title entry-title' itemprop='name'>
                        <data:post.title/>
                      </h3>
                      <div class='mobile-index-arrow'>
                        &amp;rsaquo;
                      </div>
                      <div class='mobile-index-contents'>
                        <b:if cond='data:post.thumbnailUrl'>
                          <div class='mobile-index-thumbnail'>
                            <div class='Image'>
                              <img expr:src='data:post.thumbnailUrl'/>
                            </div>
                          </div>
                        </b:if>
                        <div class='post-body'>
                          <b:if cond='data:post.snippet'>
                            <data:post.snippet/>
                          </b:if>
                        </div>
                      </div>
                      <div style='clear: both;'/>
                    </a>
                    <div class='mobile-index-comment'>
                      <b:if cond='data:blog.pageType != &quot;static_page&quot;'>
                        <b:if cond='data:post.allowComments'>
                          <b:if cond='data:post.numComments != 0'>
                            <b:include data='post' name='comment_count_picker'/>
                          </b:if>
                        </b:if>
                      </b:if>
                    </div>
                  </div>
                </div>
              </b:includable>
              <b:includable id='mobile-main' var='top'>
                <!-- posts -->
                <div class='blog-posts hfeed'>
                  <b:include data='top' name='status-message'/>
                  <b:if cond='data:blog.pageType == &quot;index&quot;'>
                    <b:loop values='data:posts' var='post'>
                      <b:include data='post' name='mobile-index-post'/>
                    </b:loop>
                    <b:else/>
                    <b:loop values='data:posts' var='post'>
                      <b:include data='post' name='mobile-post'/>
                    </b:loop>
                  </b:if>
                </div>
                <b:include name='mobile-nextprev'/>
              </b:includable>
              <b:includable id='mobile-nextprev'>
                <div class='blog-pager' id='blog-pager'>
                  <b:if cond='data:newerPageUrl'>
                    <div class='mobile-link-button' id='blog-pager-newer-link'>
                      <a class='blog-pager-newer-link' expr:href='data:newerPageUrl' expr:id='data:widget.instanceId + &quot;_blog-pager-newer-link&quot;' expr:title='data:newerPageTitle'>
                      </a>
                        &amp;lsaquo;
                    </div>
                  </b:if>
                  <b:if cond='data:olderPageUrl'>
                    <div class='mobile-link-button' id='blog-pager-older-link'>
                      <a class='blog-pager-older-link' expr:href='data:olderPageUrl' expr:id='data:widget.instanceId + &quot;_blog-pager-older-link&quot;' expr:title='data:olderPageTitle'>
                        &amp;rsaquo;
                      </a>
                    </div>
                  </b:if>
                  <div class='mobile-link-button' id='blog-pager-home-link'>
                    <a class='home-link' expr:href='data:blog.homepageUrl'>
                      <data:homeMsg/>
                    </a>
                  </div>
                  <div class='mobile-desktop-link'>
                    <a class='home-link' expr:href='data:desktopLinkUrl'>
                      <data:desktopLinkMsg/>
                    </a>
                  </div>
                </div>
                <div class='clear'/>
              </b:includable>
              <b:includable id='mobile-post' var='post'>
                <div class='date-outer'>
                  <b:if cond='data:post.dateHeader'>
                    <h3 class='date-header'>
                      <span>
                        <data:post.dateHeader/>
                      </span>
                    </h3>
                  </b:if>
                  <div class='date-posts'>
                    <div class='post-outer'>
                      <div class='post hentry uncustomized-post-template' itemscope='itemscope' itemtype='http://schema.org/BlogPosting'>
                        <b:if cond='data:post.thumbnailUrl'>
                          <meta expr:content='data:post.thumbnailUrl' itemprop='image_url'/>
                        </b:if>
                        <meta expr:content='data:blog.blogId' itemprop='blogId'/>
                        <meta expr:content='data:post.id' itemprop='postId'/>
                        <a expr:name='data:post.id'/>
                        <b:if cond='data:post.title'>
                          <h3 class='post-title entry-title' itemprop='name'>
                            <b:if cond='data:post.link'>
                              <a expr:href='data:post.link'>
                                <data:post.title/>
                              </a>
                              <b:else/>
                              <b:if cond='data:post.url'>
                                <b:if cond='data:blog.url != data:post.url'>
                                  <a expr:href='data:post.url'>
                                    <data:post.title/>
                                  </a>
                                  <b:else/>
                                  <data:post.title/>
                                </b:if>
                                <b:else/>
                                <data:post.title/>
                              </b:if>
                            </b:if>
                          </h3>
                        </b:if>
                        <div class='post-header'>
                          <div class='post-header-line-1'/>
                          <span class='post-comment-link'>
                            <b:if cond='data:blog.pageType != &quot;item&quot;'>
                              <b:if cond='data:blog.pageType != &quot;static_page&quot;'>
                                <b:if cond='data:post.allowComments'>
                                  <b:include data='post' name='comment_count_picker'/>
                                </b:if>
                              </b:if>
                            </b:if>
                          </span>
                          <span class='post-author vcard'>
                            <b:if cond='data:top.showAuthor'>
                              <data:top.authorLabel/>
                              <span class='fn'>
                                <data:post.author/>
                              </span>
                            </b:if>
                          </span>

                          <span class='post-labels'>
                            <b:if cond='data:post.labels'>
                              <data:postLabelsLabel/>
                              <b:loop values='data:post.labels' var='label'>
                                <a class='label label-default' expr:href='data:label.url' rel='tag'>
                                  <data:label.name/>
                                </a>
                                <b:if cond='data:label.isLast != &quot;true&quot;'>
                                  ,
                                </b:if>
                              </b:loop>
                            </b:if>
                          </span>
                        </div>
                        <div class='post-body entry-content' expr:id='&quot;post-body-&quot; + data:post.id' itemprop='articleBody'>
							<data:post.body/>
                          <div style='clear: both;'/>
                          <!-- clear for photos floats -->
                        </div>
                        <div class='post-footer'>
                          <div class='post-footer-line post-footer-line-1'>
                          </div>
                          <div class='post-footer-line post-footer-line-2'>
                            <b:if cond='data:top.showMobileShare'>
                              <div class='mobile-link-button goog-inline-block' id='mobile-share-button'>
                                <a href='javascript:void(0);'>
                                  <data:shareMsg/>
                                </a>
                              </div>
                            </b:if>
                            <b:if cond='data:top.showDummy'>
                              <div class='goog-inline-block dummy-container'>
                                <data:post.dummyTag/>
                              </div>
                            </b:if>
                          </div>
                        </div>
                      </div>
                      <b:if cond='data:blog.pageType == &quot;static_page&quot;'>
                        <b:include data='post' name='comment_picker'/>
                      </b:if>
                      <b:if cond='data:blog.pageType == &quot;item&quot;'>
                        <b:include data='post' name='comment_picker'/>
                      </b:if>
                    </div>
                  </div>
                </div>
              </b:includable>
              <b:includable id='nextprev'>
                <div class='col-xs-12 col-sm-12 col-md-12 col-lg-12'>
                  <div class='row'>
                    <div class='blog-pager' id='blog-pager'>
                      <b:if cond='data:newerPageUrl'>
                        <span id='blog-pager-newer-link'>
                          <a class='blog-pager-newer-link btn btn-default' expr:href='data:newerPageUrl' expr:id='data:widget.instanceId + &quot;_blog-pager-newer-link&quot;' expr:title='data:newerPageTitle'>
                            <data:newerPageTitle/>
                          </a>
                        </span>
                      </b:if>
                      <b:if cond='data:olderPageUrl'>
                        <span id='blog-pager-older-link'>
                          <a class='blog-pager-older-link btn btn-default' expr:href='data:olderPageUrl' expr:id='data:widget.instanceId + &quot;_blog-pager-older-link&quot;' expr:title='data:olderPageTitle'>
                            <data:olderPageTitle/>
                          </a>
                        </span>
                      </b:if>
                      <b:if cond='data:blog.pageType != &quot;item&quot;'>
                        <a class='home-link btn btn-default' expr:href='data:blog.homepageUrl'>
                          <data:homeMsg/>
                        </a>
                      </b:if>
                      <b:if cond='data:mobileLinkUrl'>
                        <div class='blog-mobile-link'>
                          <a expr:href='data:mobileLinkUrl'>
                            <data:mobileLinkMsg/>
                          </a>
                        </div>
                      </b:if>
                    </div>
                  </div>
                </div>
                <div class='clear'/>
              </b:includable>
              <b:includable id='post' var='post'>



                <b:if cond='data:blog.pageType == &quot;index&quot;'>
                  <article class='col-xs-12 col-sm-12 col-md-12 col-lg-12'>
<div class='pull-left'>
<b:if cond='data:blog.pageType != &quot;item&quot;'>
<b:if cond='data:blog.pageType != &quot;static_page&quot;'>
   <b:if cond='data:post.thumbnailUrl'>
<a class='thumbx' expr:href='data:post.url' expr:title='data:post.title'><img class='post-thumbnail resizethumbnail' expr:alt='data:post.title' expr:src='data:post.thumbnailUrl'/></a>
   </b:if>
</b:if>
</b:if>
</div>

                    <h2 class='jqmaintitle'>
                      <b:if cond='data:post.link'>
                        <a expr:href='data:post.link' expr:title='data:post.title'>
                          <data:post.title/>
                        </a>
                        <b:else/>
                        <b:if cond='data:post.url'>
                          <a expr:href='data:post.url' expr:title='data:post.title'>
                            <data:post.title/>
                          </a>
                          <b:else/>
                          <data:post.title/>
                        </b:if>
                      </b:if>
                    </h2>


                    <div class='post-header' style='display:none'>
                      <span class='post-author vcard text-left'>
                        <b:if cond='data:top.showAuthor'>
                          <i class='fa fa-user'/>
                          <span class='fn'>
                            <data:post.author/>
                          </span>
                        </b:if>
                      </span>
                      <span class='post-timestamp pull-right'>
                        <b:if cond='data:top.showTimestamp'>
                          <i class='fa fa-clock-o'/>
                          <b:if cond='data:post.url'>
                            <abbr class='published' expr:title='data:post.timestampISO8601'>
                              <data:post.timestamp/>
                            </abbr>
                          </b:if>
                        </b:if>
                      </span>
                    </div>


                      <div class='post hentry' itemprop='blogPost' itemscope='itemscope' itemtype='http://schema.org/BlogPosting'>

                        <div class='summary-box' expr:id='&quot;summary&quot; + data:post.id'>
							

<!-- Auto read more Start -->


<b:if cond='data:blog.pageType == &quot;static_page&quot;'><br/>
<data:post.body/>
<b:else/>
<b:if cond='data:blog.pageType != &quot;item&quot;'>
<div expr:id='&quot;summary&quot; + data:post.id'><data:post.body/></div>
<script type='text/javascript'>createSummaryAndThumb(&quot;summary<data:post.id/>&quot;);
</script>  
<span class='jump-link' style='float:right;padding-top:20px; display:none'><a expr:href='data:post.url + &quot;#more&quot;' expr:title='data:post.title'><data:post.jumpText/></a></span>
</b:if>
<b:if cond='data:blog.pageType == &quot;item&quot;'><data:post.body/></b:if>
</b:if>



<!-- Auto read more End -->


                        </div>

                    <div class='post-header-label pull-left'>

                      <span class='post-labels'>
                        <b:if cond='data:post.labels'>
                          <i class='fa fa-tags'/>
                          <b:loop values='data:post.labels' var='label'>
                            <a expr:href='data:label.url' rel='tag'>
                              <data:label.name/>
                            </a>
                            <b:if cond='data:label.isLast != &quot;true&quot;'>
                              ,
                            </b:if>
                          </b:loop>
                        </b:if>
                      </span>
                    </div>

                        <div class='rmlink pull-right'>
                          <a expr:href='data:post.url'>
                            Read More
                          </a>
<i class='fa fa-angle-double-right'/>
                        </div>
                        <div class='s-clear'>
                        </div>
                      </div>

                    <br/>
                  </article>
                  <b:else/>
                  <div class='post-outer'>
                    <div class='post hentry' itemprop='blogPost' itemscope='itemscope' itemtype='http://schema.org/BlogPosting'>

                      <b:if cond='data:post.firstImageUrl'>
                        <meta expr:content='data:post.firstImageUrl' itemprop='image_url'/>
                      </b:if>

                      <meta expr:content='data:blog.blogId' itemprop='blogId'/>
                      <meta expr:content='data:post.id' itemprop='postId'/>
                      <a expr:name='data:post.id'/>
                      <b:if cond='data:post.title'>
                        <b:if cond='data:post.link'>
                          <a expr:href='data:post.link'>
                            <data:post.title/>
                          </a>
                          <b:else/>
                          <b:if cond='data:post.url'>
                            <b:if cond='data:blog.url != data:post.url'>
                              <h2 class='post-title entry-title'>
                                <a expr:href='data:post.url'>
                                  <data:post.title/>
                                </a>
                              </h2>
                              <b:else/>
                              <h1 class='post-title entry-title'>
                                <data:post.title/>
                              </h1>
                            </b:if>
                            <b:else/>
                            <data:post.title/>
                          </b:if>
                        </b:if>
                      </b:if>
                      <div class='post-header'>
                        <div class='post-header-line-1'/>
                        <span class='post-author vcard'>
                          <b:if cond='data:top.showAuthor'>
                            <i class='fa fa-user'/>
                            <span class='fn'>
                              <data:post.author/>
                            </span>
                          </b:if>
                        </span>
                        <span class='post-timestamp pull-right'>
                          <b:if cond='data:top.showTimestamp'>
                            <i class='fa fa-clock-o'/>
                            <b:if cond='data:post.url'>
                              <abbr class='published' expr:title='data:post.timestampISO8601'>
                                <data:post.timestamp/>
                              </abbr>
                            </b:if>
                          </b:if>
                        </span>

                      </div>
                      <data:post.body/>


<!-- Related Posts (Make sure to use tags.)-->
<b:if cond='data:blog.pageType == &quot;item&quot;'>
<script src='http://blogger-related-posts.googlecode.com/files/related-posts-widget-1.0.js' type='text/javascript'/>
<script type='text/javascript'>
relatedPostsWidget({
   &#39;containerSelector&#39;:&#39;div.post-footer&#39;
   ,&#39;loadingText&#39;:&#39;loading...&#39;
});</script>
                      </b:if>


                      <div class='row rowpost'>
                        <img src='http://3.bp.blogspot.com/-BLgbb6up_zY/U_t74dcn6EI/AAAAAAAADU8/lvYsGSZKhKY/s1600/' style='float: left; margin: 12px 18px 10px 20px;'/><ul class='post-sharing-menu'>
                          <li>
                            <a class='share_pgo' expr:href='&quot;https://plus.google.com/share?url=&quot; + data:post.url + &quot;&amp;t=&quot; + data:post.title' rel='nofollow' target='_blank' title='Share on Google +'>
                              <i class='fa fa-google-plus'>
                              </i>
                            </a>
                          </li>
                          <li>
                            <a class='share_pfb' expr:href='&quot;http://www.facebook.com/sharer.php?u=&quot; + data:post.canonicalUrl + &quot;&amp;t=&quot; + data:post.title ' rel='nofollow' target='_blank' title='Share on Facebook'>
                              <i class='fa fa-facebook'>
                              </i>
                            </a>
                          </li>
                          <li>
                            <a class='share_ptwi' expr:href='&quot;http://twitter.com/intent/tweet?text=&quot; + data:post.title + &quot;&amp;url=&quot; + data:post.url' rel='nofollow' target='_blank' title='Share on Twitter'>
                              <i class='fa fa-twitter'>
                              </i>
                            </a>
                          </li>
                          <li>
                            <a class='share_pli' expr:href='&quot;http://www.linkedin.com/shareArticle?mini=true&amp;url=&quot; + data:post.url + &quot;&amp;title=&quot; + data:post.title' rel='nofollow' target='_blank' title='Share on Linkedin'>
                              <i class='fa fa-linkedin'>
                              </i>
                            </a>
                          </li>
                          <li>
                            <a class='share_ppr' expr:href='&quot;http://www.printfriendly.com/print/v2?url=&quot; + data:post.url' rel='nofollow' target='_blank' title='Create PDF And Print Friendly !'>
                              <i class='fa fa-print'>
                              </i>
                            </a>
                          </li>
                          <li>
							<a class='share_pem' href='mailto:?Subject=ENTER_SUBJECT_HERE&amp;Body=Hey! Check out this article...' rel='nofollow' target='_blank' title='Email This'>
                              <i class='fa fa-envelope-o'>
                              </i>
                            </a>
                          </li>
                        </ul>
                      </div>


                        <div class='post-labels' style='margin-top: 20px'>
                          <b:if cond='data:post.labels'>
                            <i class='fa fa-tags'/>
                            <b:loop values='data:post.labels' var='label'>
                              <a expr:href='data:label.url' rel='tag'>
                                <data:label.name/>
                              </a>
                              <b:if cond='data:label.isLast != &quot;true&quot;'>
                                ,
                              </b:if>
                            </b:loop>
                          </b:if>
                        </div>

                      <b:if cond='data:blog.pageType == &quot;item&quot;'>
                        <!-- navigation -->
                      </b:if>

                      <div class='post-footer'>
                        <div class='post-footer-line post-footer-line-1'>
                          <span class='post-icons'>
                            <!-- email post links -->
                            <b:if cond='data:post.emailPostUrl'>
                              <span class='item-action'>
                                <a expr:href='data:post.emailPostUrl' expr:title='data:top.emailPostMsg'>
                                  <img alt='' class='icon-action' height='13' src='http://img1.blogblog.com/img/icon18_email.gif' width='18'/>
                                </a>
                              </span>
                            </b:if>
                            <!-- quickedit pencil -->
                            <b:include data='post' name='postQuickEdit'/>
                          </span>
                        </div>
                      </div>
                    </div>
                  </div>
                </b:if>
              </b:includable>
              <b:includable id='postQuickEdit' var='post'>
                <b:if cond='data:post.editUrl'>
                  <span expr:class='&quot;item-control &quot; + data:post.adminClass'>
                    <a expr:href='data:post.editUrl' expr:title='data:top.editPostMsg'>
                      <img alt='' class='icon-action' height='18' src='http://img2.blogblog.com/img/icon18_edit_allbkg.gif' width='18'/>
                    </a>
                  </span>
                </b:if>
              </b:includable>
              <b:includable id='shareButtons' var='post'>
                <b:if cond='data:top.showEmailButton'>
                  <a class='goog-inline-block share-button sb-email' expr:href='data:post.sharePostUrl + &quot;&amp;target=email&quot;' expr:title='data:top.emailThisMsg' target='_blank'>
                    <span class='share-button-link-text'>
                      <data:top.emailThisMsg/>
                    </span>
                  </a>
                </b:if>
                <b:if cond='data:top.showBlogThisButton'>
                  <a class='goog-inline-block share-button sb-blog' expr:href='data:post.sharePostUrl + &quot;&amp;target=blog&quot;' expr:onclick='&quot;window.open(this.href, \&quot;_blank\&quot;, \&quot;height=270,width=475\&quot;); return false;&quot;' expr:title='data:top.blogThisMsg' target='_blank'>
                    <span class='share-button-link-text'>
                      <data:top.blogThisMsg/>
                    </span>
                  </a>
                </b:if>
                <b:if cond='data:top.showTwitterButton'>
                  <a class='goog-inline-block share-button sb-twitter' expr:href='data:post.sharePostUrl + &quot;&amp;target=twitter&quot;' expr:title='data:top.shareToTwitterMsg' target='_blank'>
                    <span class='share-button-link-text'>
                      <data:top.shareToTwitterMsg/>
                    </span>
                  </a>
                </b:if>
                <b:if cond='data:top.showFacebookButton'>
                  <a class='goog-inline-block share-button sb-facebook' expr:href='data:post.sharePostUrl + &quot;&amp;target=facebook&quot;' expr:onclick='&quot;window.open(this.href, \&quot;_blank\&quot;, \&quot;height=430,width=640\&quot;); return false;&quot;' expr:title='data:top.shareToFacebookMsg' target='_blank'>
                    <span class='share-button-link-text'>
                      <data:top.shareToFacebookMsg/>
                    </span>
                  </a>
                </b:if>
                <b:if cond='data:top.showOrkutButton'>
                  <a class='goog-inline-block share-button sb-orkut' expr:href='data:post.sharePostUrl + &quot;&amp;target=orkut&quot;' expr:title='data:top.shareToOrkutMsg' target='_blank'>
                    <span class='share-button-link-text'>
                      <data:top.shareToOrkutMsg/>
                    </span>
                  </a>
                </b:if>
                <b:if cond='data:top.showDummy'>
                  <div class='goog-inline-block dummy-container'>
                    <data:post.dummyTag/>
                  </div>
                </b:if>
              </b:includable>
              <b:includable id='status-message'>
                <b:if cond='data:navMessage'>
                  <div class='status-msg-wrap'>
                    <div class='status-msg-body'>
                      <data:navMessage/>
                    </div>
                    <div class='status-msg-border'>
                      <div class='status-msg-bg'>
                        <div class='status-msg-hidden'>
                          <data:navMessage/>
                        </div>
                      </div>
                    </div>
                  </div>
                  <div style='clear: both;'/>
                </b:if>
              </b:includable>
              <b:includable id='threaded-comment-form' var='post'>
                <div class='comment-form'>
                  <a name='comment-form'/>
                  <b:if cond='data:mobile'>

                    <p>
                      <data:blogCommentMessage/>
                    </p>

                    <data:blogTeamBlogMessage/>
                    <a expr:href='data:post.commentFormIframeSrc' id='comment-editor-src'/>
                    <iframe allowtransparency='true' class='blogger-iframe-colorize blogger-comment-from-post' frameborder='0' height='410' id='comment-editor' name='comment-editor' src='' style='display: none' width='100%'/>
                    <b:else/>
                    <p>
                      <i class='fa fa-comments-o'/>  Reader&#39;s Comments<data:blogCommentMessage/>
                    </p>
                    <data:blogTeamBlogMessage/>
                    <a expr:href='data:post.commentFormIframeSrc' id='comment-editor-src'/>
                    <iframe allowtransparency='true' class='blogger-iframe-colorize blogger-comment-from-post' frameborder='0' height='410' id='comment-editor' name='comment-editor' src='' width='100%'/>
                  </b:if>
                  <data:post.friendConnectJs/>
                  <data:post.cmtfpIframe/>
                  <script type='text/javascript'>
                    BLOG_CMT_createIframe(&#39;<data:post.appRpcRelayPath/>&#39;, &#39;<data:post.communityId/>&#39;);
                  </script>
                </div>
              </b:includable>
              <b:includable id='threaded_comment_js' var='post'>
                <script async='async' expr:src='data:post.commentSrc' type='text/javascript'/>
                <script type='text/javascript'>
                  (function() {
                    var items = <data:post.commentJso/>;
                    var msgs = <data:post.commentMsgs/>;
                    var config = <data:post.commentConfig/>;
                    // <![CDATA[
                    var cursor = null;
                    if (items && items.length > 0) {
                      cursor = parseInt(items[items.length - 1].timestamp) + 1;
                    }
                    var bodyFromEntry = function(entry) {
                      if (entry.gd$extendedProperty) {
                        for (var k in entry.gd$extendedProperty) {
                          if (entry.gd$extendedProperty[k].name == 'blogger.contentRemoved') {
                            return '<span class="deleted-comment">' + entry.content.$t + '</span>';
                          }
                        }
                      }
                      return entry.content.$t;
                    }
                    var parse = function(data) {
                      cursor = null;
                      var comments = [];
                      if (data && data.feed && data.feed.entry) {
                        for (var i = 0, entry; entry = data.feed.entry[i]; i++) {
                          var comment = {};
                          // comment ID, parsed out of the original id format
                          var id = /blog-(\d+).post-(\d+)/.exec(entry.id.$t);
                          comment.id = id ? id[2] : null;
                          comment.body = bodyFromEntry(entry);
                          comment.timestamp = Date.parse(entry.published.$t) + '';
                          if (entry.author && entry.author.constructor === Array) {
                            var auth = entry.author[0];
                            if (auth) {
                              comment.author = {
                                name: (auth.name ? auth.name.$t : undefined),
                                profileUrl: (auth.uri ? auth.uri.$t : undefined),
                                avatarUrl: (auth.gd$image ? auth.gd$image.src : undefined)
                              };
                            }
                          }
                          if (entry.link) {
                            if (entry.link[2]) {
                              comment.link = comment.permalink = entry.link[2].href;
                            }
                            if (entry.link[3]) {
                              var pid = /.*comments\/default\/(\d+)\?.*/.exec(entry.link[3].href);
                              if (pid && pid[1]) {
                                comment.parentId = pid[1];
                              }
                            }
                          }
                          comment.deleteclass = 'item-control blog-admin';
                          if (entry.gd$extendedProperty) {
                            for (var k in entry.gd$extendedProperty) {
                              if (entry.gd$extendedProperty[k].name == 'blogger.itemClass') {
                                comment.deleteclass += ' ' + entry.gd$extendedProperty[k].value;
                              } else if (entry.gd$extendedProperty[k].name == 'blogger.displayTime') {
                                comment.displayTime = entry.gd$extendedProperty[k].value;
                              }
                            }
                          }
                          comments.push(comment);
                        }
                      }
                      return comments;
                    };
                    var paginator = function(callback) {
                      if (hasMore()) {
                        var url = config.feed + '?alt=json&v=2&orderby=published&reverse=false&max-results=50';
                        if (cursor) {
                          url += '&published-min=' + new Date(cursor).toISOString();
                        }
                        window.bloggercomments = function(data) {
                          var parsed = parse(data);
                          cursor = parsed.length < 50 ? null
                          : parseInt(parsed[parsed.length - 1].timestamp) + 1
                          callback(parsed);
                          window.bloggercomments = null;
                        }
                        url += '&callback=bloggercomments';
                        var script = document.createElement('script');
                        script.type = 'text/javascript';
                        script.src = url;
                        document.getElementsByTagName('head')[0].appendChild(script);
                      }
                    };
                    var hasMore = function() {
                      return !!cursor;
                    };
                    var getMeta = function(key, comment) {
                      if ('iswriter' == key) {
                        var matches = !!comment.author
                        && comment.author.name == config.authorName
                        && comment.author.profileUrl == config.authorUrl;
                        return matches ? 'true' : '';
                      } else if ('deletelink' == key) {
                        return config.baseUri + '/delete-comment.g?blogID='
                        + config.blogId + '&postID=' + comment.id;
                      } else if ('deleteclass' == key) {
                        return comment.deleteclass;
                      }
                      return '';
                    };
                    var replybox = null;
                    var replyUrlParts = null;
                    var replyParent = undefined;
                    var onReply = function(commentId, domId) {
                      if (replybox == null) {
                        // lazily cache replybox, and adjust to suit this style:
                        replybox = document.getElementById('comment-editor');
                        if (replybox != null) {
                          replybox.height = '250px';
                          replybox.style.display = 'block';
                          replyUrlParts = replybox.src.split('#');
                        }
                      }
                      if (replybox && (commentId !== replyParent)) {
                        document.getElementById(domId).insertBefore(replybox, null);
                        replybox.src = replyUrlParts[0]
                        + (commentId ? '&parentID=' + commentId : '')
                        + '#' + replyUrlParts[1];
                        replyParent = commentId;
                      }
                    };
                    var hash = (window.location.hash || '#').substring(1);
                    var startThread, targetComment;
                    if (/^comment-form_/.test(hash)) {
                      startThread = hash.substring('comment-form_'.length);
                    } else if (/^c[0-9]+$/.test(hash)) {
                      targetComment = hash.substring(1);
                    }
                    // Configure commenting API:
                    var configJso = {
                      'maxDepth': config.maxThreadDepth
                    };
                    var provider = {
                      'id': config.postId,
                      'data': items,
                      'loadNext': paginator,
                      'hasMore': hasMore,
                      'getMeta': getMeta,
                      'onReply': onReply,
                      'rendered': true,
                      'initComment': targetComment,
                      'initReplyThread': startThread,
                      'config': configJso,
                      'messages': msgs
                    };
                    var render = function() {
                      if (window.goog && window.goog.comments) {
                        var holder = document.getElementById('comment-holder');
                        window.goog.comments.render(holder, provider);
                      }
                    };
                    // render now, or queue to render when library loads:
                    if (window.goog && window.goog.comments) {
                      render();
                    } else {
                      window.goog = window.goog || {};
                      window.goog.comments = window.goog.comments || {};
                      window.goog.comments.loadQueue = window.goog.comments.loadQueue || [];
                      window.goog.comments.loadQueue.push(render);
                    }
                  })();
                  // ]]>
                </script>
              </b:includable>
              <b:includable id='threaded_comments' var='post'>
                <div class='comments' id='comments'>
                  <a name='comments'/>
                  <h4>
                    <data:post.commentLabelFull/>
                    :
                  </h4>
                  <p class='comment-footer'>
                    <b:if cond='data:post.allowNewComments'>
                      <b:include data='post' name='threaded-comment-form'/>
                      <b:else/>
                      <data:post.noNewCommentsText/>
                    </b:if>
                  </p>


                  <div class='comments-content'>
                    <b:if cond='data:post.embedCommentForm'>
                      <b:include data='post' name='threaded_comment_js'/>
                    </b:if>





                    <div id='comment-holder'>
                      <data:post.commentHtml/>
                    </div>
                  </div>

                  <b:if cond='data:showCmtPopup'>
                    <div id='comment-popup'>
                      <iframe allowtransparency='true' frameborder='0' id='comment-actions' name='comment-actions' scrolling='no'>
                      </iframe>
                    </div>
                  </b:if>
                  <div id='backlinks-container'>
                    <div expr:id='data:widget.instanceId + &quot;_backlinks-container&quot;'>
                      <b:if cond='data:post.showBacklinks'>
                        <b:include data='post' name='backlinks'/>
                      </b:if>
                    </div>
                  </div>
                </div>
              </b:includable>
            </b:widget>
          </b:section>
          <!-- END Loop -->
        </div>
        <!-- END Content -->
        <div class='col-xs-12 col-sm-3 col-md-3 col-lg-3 hide-home-sidebar'>
          <div class='sidebox'>
            <b:section class='sidebar' id='sidebar' preferred='yes'>
              <b:widget id='HTML1' locked='false' title='About' type='HTML'>
                <b:includable id='main'>
  <!-- only display title if it's non-empty -->
  <b:if cond='data:title != &quot;&quot;'>
    <h2 class='title'><data:title/></h2>
  </b:if>
  <div class='widget-content'>



  <!-- Enter Information About Yourself & Your Pic's URL -->

<div class='profile-box'>

<!-- Insert Link of your Profile Pic -->
<img class='img-responsive pimg' src='http://2.bp.blogspot.com/-Q2vB4GvuqcM/VA6lR4IEQOI/AAAAAAAADZI/6QqjfxdgSUU/s320/default-avatar.png'/>

<!-- Add Name Here -->
  <h4>Wajahat Razzaq</h4>

<!-- A line About Yourself -->
  <span>I cover news and reviews of the latest Hollywood action movies.</span>

</div>



  </div>
  <b:include name='quickedit'/>
</b:includable>
              </b:widget>
              <b:widget id='HTML3' locked='false' title='' type='HTML'>
                <b:includable id='main'>
  <!-- only display title if it's non-empty -->
  <b:if cond='data:title != &quot;&quot;'>
    <h2 class='title'><data:title/></h2>
  </b:if>
  <div class='widget-content'>
    <data:content/>
  </div>

  <b:include name='quickedit'/>
</b:includable>
              </b:widget>
              <b:widget id='HTML2' locked='false' title='' type='HTML'>
                <b:includable id='main'>
  <!-- only display title if it's non-empty -->
  <b:if cond='data:title != &quot;&quot;'>
    <h2 class='title'><data:title/></h2>
  </b:if>
  <div class='widget-content'>

<!-- Social Links -->

<div class='contact-box'>

<a href='mailto:wajahat-xyz123@gmail.com?Subject=Hey!' target='_top'>
<i class='fa fa-envelope-o' rel='tooltip' title='wajahat-xyz123@gmail.com'/>
</a>

<a href='https://twitter.com/wajahat-xyz' target='_blank'>
<i class='fa fa-twitter'/>
</a>

<a href='https://facebook.com/wajahat-xyz' target='_blank'>
<i class='fa fa-facebook'/>
</a>

<a href='https://plus.google.com/wajahat-xyz' target='_blank'>
<i class='fa fa-google-plus'/>
</a>

<a href='https://youtube.com/wajahat-xyz' target='_blank'>
<i class='fa fa-youtube-play' rel='tooltip' title='YouTube'/>
</a>

</div>
  </div>

  <b:include name='quickedit'/>
</b:includable>
              </b:widget>
              <b:widget id='FollowByEmail1' locked='false' title='' type='FollowByEmail'>
                <b:includable id='main'>
  <b:if cond='data:title != &quot;&quot;'><h2 class='title'><data:title/></h2></b:if>
  <div class='widget-content'>
    <div class='follow-by-email-inner'>
      <form action='http://feedburner.google.com/fb/a/mailverify' expr:onsubmit='&quot;window.open(\&quot;http://feedburner.google.com/fb/a/mailverify?uri=&quot; + data:feedPath + &quot;\&quot;, \&quot;popupwindow\&quot;, \&quot;scrollbars=yes,width=550,height=520\&quot;); return true&quot;' method='post' target='popupwindow'>
        <table width='100%'>
          <tr>
            <td>
              <input class='follow-by-email-address' name='email' placeholder='Email address...' type='text'/>
            </td>
            <td width='64px'>
              <input class='follow-by-email-submit' type='submit' value='Submit'/>
            </td>
          </tr>
        </table>
        <input expr:value='data:feedPath' name='uri' type='hidden'/>
        <input name='loc' type='hidden' value='en_US'/>
      </form>
    </div>
  </div>
  <span class='item-control blog-admin'>
    <b:include name='quickedit'/>
  </span>
</b:includable>
              </b:widget>
              <b:widget id='BlogArchive1' locked='false' title='Archive' type='BlogArchive'>
                <b:includable id='main'>
  <b:if cond='data:title'>
    <h2><data:title/></h2>
  </b:if>
  <div class='widget-content'>
  <div id='ArchiveList'>
  <div expr:id='data:widget.instanceId + &quot;_ArchiveList&quot;'>
    <b:if cond='data:style == &quot;HIERARCHY&quot;'>
     <b:include data='data' name='interval'/>
    </b:if>
    <b:if cond='data:style == &quot;FLAT&quot;'>
      <b:include data='data' name='flat'/>
    </b:if>
    <b:if cond='data:style == &quot;MENU&quot;'>
      <b:include data='data' name='menu'/>
    </b:if>
  </div>
  </div>
  <b:include name='quickedit'/>
  </div>
</b:includable>
                <b:includable id='flat' var='data'>
  <ul class='flat'>
    <b:loop values='data:data' var='i'>
      <li class='archivedate'>
        <a expr:href='data:i.url'><data:i.name/></a> (<data:i.post-count/>)
      </li>
    </b:loop>
  </ul>
</b:includable>
                <b:includable id='interval' var='intervalData'>
  <b:loop values='data:intervalData' var='i'>
      <ul class='hierarchy'>
        <li expr:class='&quot;archivedate &quot; + data:i.expclass'>
          <b:include data='i' name='toggle'/>
          <a class='post-count-link' expr:href='data:i.url'><data:i.name/></a>
            <span class='post-count' dir='ltr'>(<data:i.post-count/>)</span>
          <b:if cond='data:i.data'>
            <b:include data='i.data' name='interval'/>
          </b:if>
          <b:if cond='data:i.posts'>
            <b:include data='i.posts' name='posts'/>
          </b:if>
        </li>
      </ul>
  </b:loop>
</b:includable>
                <b:includable id='menu' var='data'>
  <select expr:id='data:widget.instanceId + &quot;_ArchiveMenu&quot;'>
    <option value=''><data:title/></option>
    <b:loop values='data:data' var='i'>
      <option expr:value='data:i.url'><data:i.name/> (<data:i.post-count/>)</option>
    </b:loop>
  </select>
</b:includable>
                <b:includable id='posts' var='posts'>
  <ul class='posts'>
    <b:loop values='data:posts' var='i'>
      <li><a expr:href='data:i.url'><data:i.title/></a></li>
    </b:loop>
  </ul>
</b:includable>
                <b:includable id='toggle' var='interval'>
  <b:if cond='data:interval.toggleId'>
  <b:if cond='data:interval.expclass == &quot;expanded&quot;'>
    <a class='toggle' href='javascript:void(0)'>
      <span class='zippy toggle-open'>&#9660;&#160;</span>
    </a>
  <b:else/>
    <a class='toggle' href='javascript:void(0)'>
      <span class='zippy'>
        <b:if cond='data:blog.languageDirection == &quot;rtl&quot;'>
          &#9668;&#160;
        <b:else/>
          &#9658;&#160;
        </b:if>
      </span>
    </a>
  </b:if>
 </b:if>
</b:includable>
              </b:widget>
            </b:section>
          </div>
        </div>
        <!-- end sidebar widgets -->
      </div>
    </div>
    <!-- END Container --> 
    <div id='footer'>
    <p class='footer-link'>
        &#169; 
        <a expr:href='data:blog.homepageUrl'>
          <data:blog.title/>
        </a>
        2014 . Powered by 
        <a href='http://www.blogger.com/' rel='nofollow' title='Blogger'>
          Blogger
        </a>
    </p>
		Template by
        <a href='http://helparchive.blogspot.com/' rel='nofollow' title='Blogger Templates'>
		HelpArchive
        </a>
    </div>
    <!-- END Footer --> 

<!-- Latest compiled and minified JavaScript -->
    <script src='https://maxcdn.bootstrapcdn.com/bootstrap/3.3.1/js/bootstrap.min.js'/>

<script type='text/javascript'>
 $(document).ready(function() {$(&#39;.resizethumbnail&#39;).attr(&#39;src&#39;, function(i, src) {return src.replace( &#39;s72-c&#39;, &#39;s170-c&#39; );});});
</script>
  </body>
</html>